{"Val Loss": 0.26314827472913876, "Loss": 0.1883356273174286, "_timestamp": 1705459682.5825238, "_runtime": 52.568222761154175, "_step": 9, "_wandb": {"runtime": 51}}