{"Val Loss": 0.07570090306967864, "Loss": 0.05755828693509102, "_timestamp": 1705715353.339447, "_runtime": 161.63213300704956, "_step": 9, "_wandb": {"runtime": 161}}