{"Val Loss": 0.08493911216273739, "Loss": 0.006972124800086021, "_timestamp": 1705714309.662254, "_runtime": 177.10622215270996, "_step": 9, "_wandb": {"runtime": 176}}