{"Val Loss": 0.1565940467791233, "Loss": 0.8138980181775722, "_timestamp": 1706121411.0910761, "_runtime": 54.65314602851868, "_step": 2, "_wandb": {"runtime": 62}}