{"Val Loss": 0.08419756775616628, "Loss": 1.0490362910786644e-05, "_timestamp": 1705544549.3790233, "_runtime": 325.08585238456726, "_step": 9, "_wandb": {"runtime": 324}}