{"Val Loss": 0.09917036938027914, "Loss": 0.005583534948527813, "_timestamp": 1705715857.1924212, "_runtime": 163.54088020324707, "_step": 9, "_wandb": {"runtime": 162}}